"Date","FX_Implied_Vol","FX_25_Delta_Rate","CDS","BIST100_Vol","Benchmark_Rate_Vol","FCI"
2018-01-05,-0.536079664911734,-0.639082254226589,-0.960234409090793,-0.0467434551623494,-0.0230276536474733,-2.20516743703894
2018-01-08,-0.568540421497332,-0.674832570856276,-0.960981474325626,-0.105414579292544,-0.0839258604029481,-2.39369490637473
2018-01-09,-0.601709780877417,-0.690744561494923,-0.955926862736756,-0.0654624030729761,-0.0741508177680632,-2.38799442595013
2018-01-10,-0.608289663969092,-0.693947624545559,-0.947391245053663,0.0890292235573585,-0.0525584117968529,-2.21315772180781
2018-01-11,-0.608154692008237,-0.685681655382626,-0.948901270528326,0.0909155823590938,-0.0525584117968529,-2.20438044735695
2018-01-12,-0.590439622146035,-0.678448932365059,-0.960536414185725,0.0145163106961661,-0.0741841136909178,-2.28909277169157
2018-01-15,-0.585175715672695,-0.680308775426719,-0.971376807593303,0.0332628227482497,-0.0957765196621281,-2.2993749956066
2018-01-16,-0.564086346789121,-0.640425474215565,-0.970899957443409,-0.0259118107338975,-0.0957765196621281,-2.29710010884412
2018-01-17,-0.552951160018594,-0.601575419149778,-0.958803858641113,-0.00562736083899754,-0.0763415589106018,-2.19529935755908
2018-01-18,-0.545190272269438,-0.573781097839414,-0.94785220019856,-0.110396254314326,-0.0705155112702359,-2.24773533589198
2018-01-19,-0.537598099471352,-0.578017407035418,-0.935851471426242,-0.0071377175228851,-0.06468946362987,-2.12329415908577
2018-01-22,-0.536450837804085,-0.575537616286538,-0.934707031066498,-0.0410853717565677,-0.0841244243813963,-2.17190528129508
2018-01-23,-0.527070286524671,-0.567064997894531,-0.933959965831665,-0.0975966150552402,-0.0802032745806297,-2.20589513988674
2018-01-24,-0.528757436035357,-0.565721777905554,-0.94131935314502,-0.22767923244744,-0.0704338063151839,-2.33391160584856
2018-01-25,-0.516576216568205,-0.577500783962735,-0.940540497900194,-0.165086079370723,-0.0605887605599706,-2.26029233836183
2018-01-26,-0.511919683918712,-0.578534030108101,-0.941255773125034,-0.189025816465893,-0.0328088703470334,-2.25354417396477
2018-01-29,-0.502640361609939,-0.576674187046441,-0.935851471426242,-0.0526482597650349,-0.0366085488560826,-2.10442282870374
2018-01-30,-0.494204614056509,-0.556009264139108,-0.92923914934772,-0.0683853224003081,-0.0405692864945264,-2.08840763643817
2018-01-31,-0.489683053367871,-0.543713635009244,-0.925011078018665,-0.0373615031879289,-0.0701898102707661,-2.06595907985447
2018-02-01,-0.501493099942673,-0.540613896573144,-0.933912280816676,-0.0858887993901444,-0.0679423211890069,-2.12985039791164
2018-02-02,-0.514349179214099,-0.545780127299977,-0.938219827170713,-0.0308650234524708,-0.0616651021963954,-2.09087925933366
2018-02-05,-0.516036328724785,-0.537720807366117,-0.936344216581132,0.0310894385218778,-0.0695716660742253,-2.02858358022438
2018-02-06,-0.498321258862583,-0.52056892135303,-0.924279907788828,-0.0474117093695281,-0.0326991209353306,-2.0232809183093
2018-02-07,-0.491808861751335,-0.5103397845139,-0.925932988308459,-0.104302805044335,-0.0448606480447117,-2.07724508766274
2018-02-08,-0.471563067623104,-0.493807846188033,-0.916332405290604,-0.0274867554995201,0.0279349162864604,-1.8812551583148
2018-02-09,-0.445884652070464,-0.47159305406265,-0.895160258635336,-0.00695582950534071,0.0150468862400047,-1.80454690803379
2018-02-12,-0.415920876760682,-0.452787974216976,-0.878120813279144,-0.0769673750209775,0.0150468862400047,-1.80875015303777
2018-02-13,-0.415077302005339,-0.444728654283116,-0.865770394396905,-0.174013415536534,-0.0360895774296982,-1.93567934365159
2018-02-14,-0.438663652164728,-0.445658575813946,-0.872668826565363,-0.0466879084722641,-0.0486774580967426,-1.85235642111304
2018-02-15,-0.464072123795658,-0.444935303512189,-0.877341958034319,-0.0528761729340583,-0.0486774580967426,-1.88790301637297
2018-02-16,-0.488097132827826,-0.454027869591416,-0.905666856937988,-0.0560690120416329,-0.00239339816228135,-1.90625426956114
2018-02-19,-0.508309183965844,-0.457127608027516,-0.929890844552574,-0.0995630480049463,-0.0197385436674667,-2.01462922821835
2018-02-20,-0.520051744560218,-0.464670304888693,-0.932577100396974,0.167872897854545,-0.0197385436674667,-1.76916479565881
2018-02-21,-0.529837211722196,-0.469836535615526,-0.928666929167848,0.116217422822825,-0.0876817042633971,-1.89980495794614
2018-02-22,-0.54039876765909,-0.483268735505293,-0.919416036259915,0.0386255384571847,-0.0292056287841162,-1.93366362975123
2018-02-23,-0.56199428139587,-0.489054913919347,-0.919479616279901,-0.193223742854367,-0.0292056287841162,-2.1929581832336
2018-02-26,-0.578798290522302,-0.49453111848979,-0.918319280915161,-0.211204552141675,-0.0292056287841162,-2.23205887085304
2018-02-27,-0.595669785629161,-0.501867166121893,-0.921625441954422,-0.226292776093255,-0.0957765196621281,-2.34123168946086
2018-02-28,-0.603565645339172,-0.508686590681313,-0.928221869027947,-0.251981710255965,-0.0613735542175221,-2.35382936952192
2018-03-01,-0.608694579851657,-0.512302952190097,-0.923564632563988,-0.15150874522582,-0.0133006520852321,-2.20937156191679
2018-03-02,-0.611225304117686,-0.512612926033707,-0.911039368626787,-0.10825403781593,-0.00526324672478991,-2.1483948833189
2018-03-05,-0.619323621768978,-0.507756669150483,-0.902789861033631,-0.0793246881265967,-0.039666212169396,-2.14886105224909
2018-03-06,-0.631066182363352,-0.5165392613861,-0.905873492002942,-0.106918289604551,-0.0538736951921519,-2.2142709205491
2018-03-07,-0.652155551246927,-0.52986813666133,-0.916093980215658,-0.164283487319288,-0.0340871442716875,-2.29648829971489
2018-03-08,-0.660928728702493,-0.547846619590711,-0.92194334205435,-0.164163151129248,-0.00683665884542553,-2.30171850032223
2018-03-09,-0.682018097586068,-0.563551961000284,-0.924613702893754,-0.205414804028725,-0.0329162249760275,-2.40851479048486
2018-03-12,-0.684548821852096,-0.575847590130148,-0.924661387908743,-0.240926271327222,-0.0182101807162177,-2.44419425193443
2018-03-13,-0.677395307926788,-0.581737093158738,-0.918525915980114,-0.205212510404061,-0.0262598615445862,-2.40913068901429
2018-03-14,-0.649118682127692,-0.583906910064008,-0.909322708087171,-0.163743116221183,-0.0340457145235183,-2.34013713102357
2018-03-15,-0.628333000156041,-0.576364213202831,-0.901232150543979,-0.0810027132740598,-0.0441055004873031,-2.23103757766421
2018-03-16,-0.617130327405087,-0.575640940901075,-0.895335103690297,-0.0871756346354644,-0.0309088936799622,-2.20619090031188
2018-03-19,-0.601304864994852,-0.573987747068488,-0.879853368823757,-0.00984412077005627,-0.0309088936799622,-2.09589899533712
2018-03-20,-0.591721855774156,-0.583390286991325,-0.845853953136356,-0.00820936574257637,-0.0369751615790808,-2.06615062322349
2018-03-21,-0.587301524056159,-0.590932983852501,-0.82355326112634,-0.0650257683094264,-0.0693725729843152,-2.13618611032874
2018-03-22,-0.592599173519713,-0.596925811495628,-0.804129565020681,-0.108474720219409,-0.0428509266927827,-2.14498019694821
2018-03-23,-0.590912024009027,-0.599508926859045,-0.798391468216963,-0.16132100894812,-0.0238229473019949,-2.17395637533515
2018-03-26,-0.580789126944911,-0.597855733026458,-0.782114983100601,-0.10468949747263,-0.0108700677996716,-2.07631940834427
2018-03-27,-0.576301309246487,-0.595169293048505,-0.77617025123193,-0.0952211349216811,0.120151546701029,-1.92271044174757
2018-03-28,-0.564491262671685,-0.593619423830455,-0.770622894488169,0.0360646627069291,0.102415495186377,-1.790253423097
2018-03-29,-0.567021986937714,-0.597132460724701,-0.783783958625228,0.0024546758262366,0.0894626156840537,-1.85602111477735
2018-03-30,-0.566178412182371,-0.599405602244508,-0.792542106378271,-0.0456362234052936,-0.0680806451081793,-2.07184298931862
2018-04-02,-0.574681645716228,-0.603331937596902,-0.807658256129892,-0.139202545646048,-0.0957765196621281,-2.2206509047512
2018-04-03,-0.578427117629951,-0.610048037541785,-0.808309951334747,-0.149484718330875,-0.0808650176118345,-2.22713484244919
2018-04-04,-0.580654154984057,-0.620380498995452,-0.805258110375429,-0.0869475975182815,-0.0604214787221827,-2.1536618405954
2018-04-05,-0.575525220471572,-0.625030106649602,-0.801395624161292,-0.131785614801547,0.0220135994750324,-2.11172296660898
2018-04-06,-0.564592491642326,-0.623480237431552,-0.79236726132331,-0.123761976655004,0.0198060603814655,-2.08439590667073
2018-04-09,-0.549138202124443,-0.623790211275162,-0.773770105477466,-0.00095847276751226,-0.000637478508186246,-1.94829447015277
2018-04-10,-0.528892407996212,-0.613457749821495,-0.752073423657315,0.28942990841971,0.00283693575209701,-1.60215673730322
2018-04-11,-0.473081502182721,-0.582047067002348,-0.731680132246873,0.599742197765426,-0.00268430368181209,-1.18975080734833
2018-04-12,-0.420341208478679,-0.551979604172177,-0.739182574605196,0.425116650100146,-0.00268430368181209,-1.28907104083772
2018-04-13,-0.404313288127163,-0.554666044150131,-0.751866788592361,0.271667537840693,-0.061254265932732,-1.50043284896169
2018-04-16,-0.42597628784437,-0.585456779282058,-0.761562741640194,-0.0701335006349836,-0.0352979256932364,-1.87842723509484
2018-04-17,-0.461845086441553,-0.628026520471165,-0.756984980201217,0.163317428809294,0.00477141053048132,-1.67876774777416
2018-04-18,-0.470280833994983,-0.646418301858692,-0.769240029053478,0.11379912486404,-0.0023747896857428,-1.77451482972886
2018-04-19,-0.477029432037726,-0.679482178510426,-0.785405249134866,0.160098432925154,-0.011458505800884,-1.79327693255875
2018-04-20,-0.470280833994982,-0.692604404556583,-0.800251183801548,-0.0411925385319705,-0.0367245511648037,-2.04105351204989
2018-04-24,-0.447942974473501,-0.708413070580693,-0.799663068616679,-0.0745376563461805,-0.0421253250965637,-2.07268209511362
2018-04-25,-0.420881096322098,-0.692914378400193,-0.798820633351867,0.215641683295539,-0.00511709794706866,-1.70209152272569
2018-04-26,-0.408632390874519,-0.697563986054343,-0.802508274511043,0.252127979400995,-0.0199203888068667,-1.67649706084578
2018-04-27,-0.420003778576542,-0.708309745966156,-0.800426028856509,0.227319371025122,-0.0218441143289063,-1.72326429670299
2018-04-30,-0.44875280623863,-0.718642207419823,-0.800791613971427,0.289740967993826,-0.0773964495349389,-1.75584210917099
2018-05-02,-0.4250652271086,-0.679998801583109,-0.772816405177679,0.320461270290379,-0.0276519372761198,-1.58507110085513
2018-05-03,-0.37870235855495,-0.624410158962382,-0.729089246432452,0.47384368971856,0.0516430942572126,-1.20671497997401
2018-05-04,-0.289283434488595,-0.568201568654434,-0.672232813560159,0.198821888082531,0.141470180147891,-1.18942574847277
2018-05-07,-0.232426495978479,-0.540820545802217,-0.64018848348732,0.212416650813746,0.0934392880843679,-1.1075795863699
2018-05-08,-0.197806188019204,-0.519845649051274,-0.5991157905765,0.254422974690296,0.193071992345726,-0.869272660610955
2018-05-09,-0.180934692912345,-0.510546433742974,-0.576592568496533,0.221203505874334,0.097733666864413,-0.949136522413104
2018-05-10,-0.161599959519884,-0.520465596738494,-0.576163403361629,0.217971242601878,0.122720223115193,-0.917537493902936
2018-05-11,-0.124482670284793,-0.544850205769147,-0.596191109657153,0.0930592062032589,-0.0475654612836693,-1.2200302407915
2018-05-14,-0.102549726645876,-0.569648113257948,-0.611863584583651,0.019035480844508,-0.0475654612836693,-1.31259140492664
2018-05-15,-0.0484934563234986,-0.538134105824264,-0.55723245241086,-0.0710499349464125,-0.0461593282926324,-1.26106927779767
2018-05-16,0.00549532801845156,-0.49825080461311,-0.523264826733452,-0.0981727900392215,-0.0236799010341307,-1.13787299440146
2018-05-17,0.0847913550206904,-0.448551665020973,-0.467807154300846,-0.0103482379870874,-0.020545461144026,-0.862461163432242
2018-05-18,0.134562265585926,-0.415074489911092,-0.446396582570631,-0.100709053684169,-0.0345554550679924,-0.86217331564796
2018-05-21,0.202048246013363,-0.366821894922468,-0.395802781666939,-0.170176328190112,-0.0397939884138893,-0.770546747180045
2018-05-22,0.239165535248453,-0.315676210726817,-0.382053602345011,-0.229873945237754,-0.00360290624044962,-0.692041129301579
2018-05-23,0.404000042442469,-0.243452305165686,-0.378381856190832,-0.105723448566312,0.0334220456035164,-0.290135521876844
2018-05-24,0.468111723848535,-0.173811514967972,-0.408089620529193,0.0805152882594241,-0.00532973024147164,-0.0386038536306773
2018-05-25,0.501854714062254,-0.129691904560815,-0.430883057694098,0.0818263606078546,0.0149997010083659,0.0381058134235612
2018-05-28,0.376465762428075,-0.132068370695158,-0.45758666608813,-0.0507234518538839,-0.0361215663487463,-0.300034292557844
2018-05-29,0.300307833515712,-0.162239158139865,-0.48684937028659,-0.104721073686286,-0.00983427922915616,-0.463336047826186
2018-05-30,0.232821853088274,-0.209871805441269,-0.504111345712733,-0.0202754974578444,-0.0555045880237069,-0.556941383547279
2018-05-31,0.178191951932264,-0.288811810947284,-0.49700627847932,0.337381346061669,-0.00914337255824834,-0.27938816399092
2018-06-01,0.161995316629679,-0.383973780935555,-0.450847183969636,0.455404495433563,0.0359049010234769,-0.181516251818472
2018-06-04,0.158081129764887,-0.466840121793963,-0.41821473871193,0.35781796995252,0.0219202565046458,-0.347235504283839
2018-06-05,0.17461519496961,-0.506413449161507,-0.405292099649818,0.193917521028179,0.108193845073915,-0.434978987739621
2018-06-06,0.198538975031136,-0.476345986331336,-0.411936211738333,0.245566319580338,0.0368582843725997,-0.407318619085596
2018-06-07,0.206232376799864,-0.449584911166339,-0.424842955795448,0.251432562451236,0.0883558837788361,-0.328407043931851
2018-06-08,0.239469222160377,-0.412904673005822,-0.43150296288896,0.320471287424896,-0.00678087833530001,-0.291248004644809
2018-06-11,0.253067647216506,-0.456507660340296,-0.427656371679819,0.262234118301388,0.146211132700713,-0.222651133801509
2018-06-12,0.324771501420658,-0.458264178787419,-0.383722577869638,0.385105669624746,0.100336172435822,-0.0317734131758325
2018-06-13,0.388377037973518,-0.463740383357863,-0.337245583260026,0.277607377905897,0.0725917195612417,-0.0624098311772323
2018-06-14,0.415371430144492,-0.421067317554219,-0.307458343896683,0.0665352081564555,-0.0727121773810923,-0.319331200531046
2018-06-18,0.39556429488904,-0.364445428788125,-0.258899103632535,0.0695307719992632,-0.0811461360931104,-0.239395601625468
2018-06-19,0.33577171623033,-0.339440872070251,-0.221037201730997,-0.0577645702613175,-0.0937289820411962,-0.376199909873432
2018-06-20,0.285157230909752,-0.318362650704771,-0.196288678951528,-0.0549102401949278,-0.0944114945815068,-0.378815833522982
2018-06-21,0.248883516430004,-0.339027573612104,-0.221498156875894,-0.191554904943233,-0.057417187775378,-0.560614306776605
2018-06-22,0.216254044893338,-0.367441842609688,-0.276971724313496,-0.110999574635193,-0.0587822128559993,-0.597941309521038
2018-06-25,0.0879294531105661,-0.513026224491854,-0.288702238000875,0.437298437068307,-0.032293710854138,-0.308794283167993
2018-06-26,-0.026358054743299,-0.590829659237965,-0.293184629409873,0.43791718001892,-0.0554900368669759,-0.527945200239192
2018-06-27,-0.125764903912914,-0.631952855823559,-0.278863229908073,0.338294426473849,-0.0554900368669759,-0.753776600037673
2018-06-28,-0.100356432281984,-0.550429734954127,-0.288384337900946,-0.238581872653528,-0.0445823384526473,-1.22233471624323
2018-06-29,-0.0996140864972825,-0.525115204392644,-0.310494289851004,-0.204641848333544,-0.0417688088185756,-1.18163423789305
2018-07-02,-0.107037544344301,-0.529041539745037,-0.313180545695404,-0.172837127668689,-0.0404001202245871,-1.16249687767802
2018-07-03,-0.112098992876358,-0.535034367388164,-0.317567567074423,-0.145967458100827,-0.0271548426632096,-1.13782322810298
2018-07-04,-0.0952949837499266,-0.524185282861814,-0.305868843397038,-0.166560587053684,-0.0115405477117382,-1.1034502447742
2018-07-05,-0.0924268295817604,-0.49577101386423,-0.317694727114395,-0.213676401446753,-0.0129092363057267,-1.13247820831287
2018-07-06,-0.0924268295817604,-0.471696378677186,-0.338485393649748,-0.151377850102907,-0.0353531345768146,-1.08933958658842
2018-07-09,-0.104000675225066,-0.479549049381973,-0.378636176270775,-0.105038602724418,-0.0582044294755007,-1.12542893307773
2018-07-10,-0.0378644144061771,-0.435636088203889,-0.361088090754697,0.084811118772503,-0.0331021133296958,-0.782879587921956
2018-07-11,0.056615958192235,-0.384800377851848,-0.298064395943782,0.400758539476399,-0.052141628411136,-0.277631904538133
2018-07-12,0.243383409025168,-0.291291601696164,-0.205984631999361,0.711333239654754,-0.0615161388912839,0.395924276093114
2018-07-13,0.343768804910982,-0.213798140793663,-0.177278252975777,0.599443943436293,0.00548199880296007,0.557618353380795
2018-07-16,0.385103967922787,-0.196232956322429,-0.172398486441867,0.332309854047639,-0.00367606582207921,0.34510631338405
2018-07-17,0.298215768122461,-0.221237513040303,-0.195954883846603,-0.0617530675387813,0.0454842286085691,-0.135245467694656
2018-07-18,0.245914133291197,-0.281992386387864,-0.20514219673455,0.00642100915299261,-0.0323276183254165,-0.26712705900364
2018-07-19,0.207953269300764,-0.249651782037887,-0.229493344389107,-0.103940226989033,-0.0194103597104203,-0.394542443825683
2018-07-20,0.191081774193904,-0.23156997449397,-0.247216274960146,-0.0565156023251049,-0.0261585543074963,-0.370378631892813
2018-07-23,0.149746611182099,-0.199229370143992,-0.271201837499786,-0.202650104295339,-0.0404471612135596,-0.563781861970578
2018-07-24,0.139623714117983,-0.219894293051326,-0.258549413522613,0.145255589370305,0.195274049005905,0.00170964592025361
2018-07-25,0.122347303128559,-0.221650811498449,-0.250061480854511,0.116268453798083,0.152861949172332,-0.0802345862539858
2018-07-26,0.100414359489642,-0.237976100595243,-0.236805046687473,0.357104287182837,0.152861949172332,0.135599448562096
2018-07-27,0.0671775141291292,-0.209561831597659,-0.249171360574709,-0.00311220839861763,-0.064166600026588,-0.458834486468445
2018-07-30,0.0610025469200187,-0.272383197235954,-0.243703478855931,0.0179681439863876,-0.064166600026588,-0.501282585212067
2018-07-31,0.0744997430055062,-0.231466649879433,-0.225376538095027,-0.206981461475367,-0.043393753993185,-0.632718660437506
2018-08-01,0.092383527818777,-0.245725446685493,-0.211643253778097,-0.163781143943253,-0.0119009081340736,-0.540667224722139
2018-08-02,0.152108620497059,-0.0738966127110138,-0.165102679148498,-0.0618839347654297,0.115337956666336,-0.0334366494615463
2018-08-03,0.209471703860381,-0.0480654590768469,-0.144598122703081,-0.0777701626884305,0.106730505912514,0.0457684653045371
2018-08-06,0.278813548749573,-0.00673561326217981,-0.114365823199837,0.0154323404796613,0.0436277404178627,0.21677219318508
2018-08-07,0.372450346592642,-0.0404194376011335,-0.108738991431095,-0.108247612275516,0.0518542983338721,0.16689860361877
2018-08-08,0.479989256403764,-0.0275038607840502,-0.077600676643054,-0.0699975791787136,0.137715280358515,0.442602420156461
2018-08-09,0.62086624054604,0.0255016664732607,-0.0243841999149473,-0.228915324534487,0.137715280358515,0.53078366292838
2018-08-10,0.844852209584705,0.391064152703993,0.121150465832527,0.502372279525417,0.401400285452442,2.26083939309908
2018-08-13,1.68296060051305,0.963172543393524,0.453340175253285,1.06075998285146,0.478927851963448,4.63916115397477
2018-08-14,2.24984283610352,1.60378515352087,0.663726461386266,1.23798271507251,1.05074689917558,6.80608406525875
2018-08-15,2.59611340167671,1.88017849740645,0.784385444314299,1.01528840587186,0.651596471365237,6.92756222063455
2018-08-16,2.14564448232356,1.8608567944881,0.632508671573243,0.908367319703914,0.532296722047844,6.07967399013666
2018-08-17,2.00814179720266,1.68520494977576,0.619474767476155,0.935585892495904,-0.0395223251642914,5.20888508178619
2018-08-20,1.92968934495576,1.50180375897317,0.611447789952949,0.408788445862071,-0.0395223251642914,4.41220701457967
2018-08-27,1.89932065376341,1.26281392554986,0.630855591053612,0.0235468706490793,-0.0770437035600524,3.73949333745591
2018-08-28,1.71373420758796,1.09749454229119,0.606234228314115,-0.176205074393245,-0.0770437035600524,3.16421420023997
2018-08-29,1.57538794771172,1.00450238920819,0.608348263978642,-0.120084997701988,-0.0770437035600524,2.99110989963651
2018-08-31,1.63190745631969,1.2434922226315,0.777518802155834,-0.0793595711177503,-0.0957765196621281,3.47778239032715
2018-09-03,1.74663362304634,1.42431029807067,0.929157149821944,-0.101717493641406,-0.0957765196621281,3.90260705763542
2018-09-04,1.78628163654746,1.59737902741959,1.03849888919251,-0.0168094211052206,-0.0957765196621281,4.30957361239221
2018-09-05,1.78881236081349,1.5779539998867,1.01551471196764,-0.0812959415228498,-0.0957765196621281,4.20520861148285
2018-09-06,1.71204705807728,1.59985881816847,0.96331551555931,-0.0512162074057608,-0.0957765196621281,4.12822866473717
2018-09-07,1.66227614751204,1.58952635671481,0.874764442724101,-0.127639659590865,-0.0957765196621281,3.90315076769796
2018-09-10,1.571170073935,1.53269781871964,0.794415192467058,-0.00630597357051177,-0.0957765196621281,3.79620059188906
2018-09-11,1.52646061190182,1.46295370390739,0.758667326230047,0.0015998708242745,-0.0957765196621281,3.6539049932014
2018-09-12,1.44800815965493,1.37512778155122,0.738353509844587,0.0329308261409077,-0.0422828095096761,3.55213746768197
2018-09-13,1.28688538138442,1.17364478320472,0.63462270723777,-0.0516868972810501,0.147652882340265,3.19111885688612
2018-09-14,1.1392597991994,1.02258419675211,0.482126029301852,0.00263906201384894,0.161645397772009,2.80825448503922
2018-09-17,1.0194721839407,0.906344005398357,0.346096576542253,-0.0236804493707254,0.236862646336626,2.48509496284721
2018-09-18,1.01272358589796,0.88051285176419,0.318518742873417,-0.119639376473673,-0.0537989733668949,2.03831683069499
2018-09-19,0.990790642259038,0.763032765035998,0.309426800015448,-0.19906615749933,-0.0957765196621281,1.76840753014903
2018-09-20,0.981511319950266,0.624887755400473,0.271072152959021,-0.115694728098824,-0.0957765196621281,1.66599998054881
2018-09-21,0.959578376311348,0.604222832493139,0.214454145161674,-0.137165744802789,-0.0957765196621281,1.54531308950124
2018-09-24,0.9233046618316,0.582214689596829,0.119767600397836,-0.106982768164372,-0.094742090919491,1.4235620927424
2018-09-25,0.896310269660625,0.601536392515186,0.0855933396554733,-0.114984088147416,-0.094742090919491,1.37371382276438
2018-09-26,0.843165060074018,0.557623431337102,0.0440755866047523,0.0263032350326281,-0.094742090919491,1.37642522212901
2018-09-27,0.784114827200011,0.565372777427352,0.0550113500423083,-0.0107658176119173,-0.0697362127728286,1.32399692428492
2018-09-28,0.666014361451995,0.447789366084623,0.0435033664248804,-0.0324747582962005,-0.0335458884536851,1.09128644721161
2018-10-01,0.563098241300153,0.318633597913788,0.047715542748939,-0.0154440767861815,-0.0335458884536851,0.880457416723014
2018-10-02,0.498142985138745,0.246306367738121,0.0882319104848839,0.0792741517188781,-0.0223618617575801,0.889593553323047
2018-10-03,0.488020088074629,0.252815818453931,0.127699207891063,0.0828498676212606,-0.0585521860767236,0.89283279596416
2018-10-04,0.559723942278781,0.392304048078433,0.193329683521395,0.194814372141367,-0.0472605051763201,1.29291154084366
2018-10-05,0.635645670259648,0.431050778529683,0.232955930977539,0.21395335415222,-0.0844848387617247,1.42912089515737
2018-10-08,0.742779664188206,0.482713085798017,0.26700303167993,0.116282183899151,-0.0844848387617247,1.52429312680358
2018-10-09,0.768086906848494,0.431050778529683,0.263855820690633,-0.056337610950029,0.0540358012963975,1.46069169641518
2018-10-10,0.793394149508784,0.431050778529683,0.257783928781991,0.0932770265076855,0.0540358012963975,1.62954168462454
2018-10-11,0.784114827200011,0.420718317076016,0.241443863645642,0.107506763046219,0.0906746647807502,1.64445843574864
2018-10-12,0.725064594326003,0.431050778529683,0.208016668138113,0.258092542375582,-0.0581333762051092,1.56409120716427
2018-10-15,0.632271371238277,0.319976817902765,0.166228700002452,-0.020947923470872,-0.0581333762051092,1.03939558946751
2018-10-16,0.542008872416579,0.252815818453931,0.13254718441498,5.36799666372353e-05,-0.0947722396894618,0.832653315562665
2018-10-17,0.473679317233798,0.0590821661976778,0.111708832864637,-0.128433448521139,-0.0957765196621281,0.420260348112846
2018-10-18,0.463995079042461,0.0332510125635109,0.110612077519882,0.0584730060618817,-0.0771492455911851,0.589181929596551
2018-10-19,0.458933630510403,0.00225362820251057,0.116254804293621,0.145074050739133,-0.0394045060263793,0.683111607719289
2018-10-22,0.46062078002109,0.00483674356592713,0.128048898000985,0.293825408789437,-0.0394045060263793,0.847927324351059
2018-10-23,0.4854893638086,-0.0390762176121568,0.148919039561321,0.296947654531381,-0.0301361540980494,0.862143686191096
2018-10-24,0.484645789053257,-0.0558148051670971,0.161650938563475,0.271790874240488,-0.0595886437422042,0.802684152947919
2018-10-25,0.4854893638086,0.00359684819148724,0.158964682719076,0.0383160569583232,-0.036794222485315,0.649572729192171
2018-10-26,0.436562027998708,-0.0144849593524298,0.1436418979025,0.224463700092929,-0.064689848484588,0.725492818157119
2018-10-30,0.396914014497588,-0.108820332424408,0.113012223274346,0.356165717367762,-0.0729820984052389,0.684289524310049
2018-10-31,0.405349762051018,-0.157899524329325,0.108370881815383,0.454024415076004,-0.0241510463306616,0.785694488282419
2018-11-01,0.425595556179249,-0.126902139968325,0.0969423732229372,0.112481438412893,-0.0133511020248579,0.494766125821897
2018-11-02,0.443310626041451,-0.0700736019731572,0.0830978238710312,-0.150392743430101,-0.0133511020248579,0.292591002484366
2018-11-05,0.396070439742245,-0.152733293602492,0.0503382185733526,-0.205830952065191,-0.0146677467552159,0.0731766658926997
2018-11-06,0.348830253443039,-0.175981331873242,0.015194362526207,-0.0280057310111707,0.0749019506683234,0.234939503753157
2018-11-07,0.314243688473978,-0.168231985782992,-0.0096813202932334,0.0140019141876018,0.0749019506683234,0.225234247253677
2018-11-08,0.299059342877804,-0.115743081598365,-0.0141637117022316,0.180656903384182,0.0632250897669261,0.413034542728316
2018-11-09,0.293997894345746,-0.128658658415448,-0.00753549461871302,0.0974529337121703,0.00795347550995752,0.263210150533713
2018-11-12,0.272908525462172,-0.290051706321724,0.00603883964825335,0.228284744385072,0.011641807502147,0.228822210675921
2018-11-13,0.247601282801883,-0.408358389966209,0.0151625725162144,0.0105814165419412,-0.0469901601975643,-0.182003278303734
2018-11-14,0.20964041881145,-0.466530147950353,0.014653932356328,-0.0535690785165312,-0.0920881876699387,-0.387893062969045
2018-11-15,0.170835980065673,-0.418794176034412,0.0169587080808129,-0.135203748379488,-0.0957765196621281,-0.461979755929542
2018-11-16,0.160713083001557,-0.344400453568011,0.0184846285604719,-0.0471614256812265,-0.0957765196621281,-0.308140687349336
2018-11-19,0.142154438384012,-0.451548078842536,0.0278467865033794,-0.112265548801222,-0.0957765196621281,-0.489588922418494
2018-11-20,0.162400232512243,-0.473969520196993,0.0734495558381876,0.0952445592957887,0.225425086711879,0.0825499141611055
2018-11-21,0.177584578108417,-0.492877924657203,0.102108249846783,0.0325232877764293,0.225425086711879,0.0447632777863045
2018-11-22,0.202891820768706,-0.392136425483952,0.128112478020971,0.128052762010023,0.225425086711879,0.292345722027627
2018-11-23,0.196143222725962,-0.478205829392996,0.128001212985996,-0.109151047944482,-0.0957765196621281,-0.358988961287649
2018-11-26,0.184333176151161,-0.51560933985527,0.139509196603424,-0.153569474282126,-0.0957765196621281,-0.44111296104494
2018-11-27,0.145528737405384,-0.572437877850438,0.170631616386468,-0.154558010978412,-0.0733630054634704,-0.484198540500467
2018-11-28,0.110942172436322,-0.50785999376502,0.178038688714813,-0.216069095129635,-0.0285359770661554,-0.463484204809675
2018-11-29,0.0729813084458888,-0.519535675207664,0.170583931371479,-0.208641066889671,-0.0285359770661554,-0.513147479346123
2018-11-30,0.0839477802653474,-0.495047741562473,0.140764901998143,-0.234248867119343,-0.0509494912648131,-0.555533417683139
2018-12-03,0.0906963783080912,-0.544126933467391,0.11652501937856,-0.0853962467933948,-0.0957765196621281,-0.518078302236262
2018-12-04,0.122752219011124,-0.567374971738141,0.145406243457106,0.0217075133710438,-0.0957765196621281,-0.373285515560996
2018-12-05,0.153120910203471,-0.589279790019915,0.142100082417845,-0.0251005116239737,-0.0957765196621281,-0.414935828684701
2018-12-06,0.213014717832821,-0.460124021849079,0.157136757144484,-0.0492917202238519,-0.0957765196621281,-0.235040786757754
2018-12-07,0.244226983780511,-0.330968253678244,0.122294906192271,-0.130169971493646,-0.0957765196621281,-0.190392854861236
2018-12-10,0.262785628398057,-0.225060523778159,0.129431763435676,-0.0386922353445135,-0.0957765196621281,0.0326881130489315
2018-12-11,0.25519345559997,-0.297387753953827,0.12041929560269,-0.0697970527841242,0.0174936887441412,0.0259216332088498
2018-12-12,0.258567754621342,-0.385213676309995,0.122787651347161,0.132896222083936,0.0585203128639884,0.187558264606431
2018-12-13,0.222294040141594,-0.408461714580745,0.104190495501317,0.0291428755346941,0.0947684200538937,0.0419341166507534
2018-12-14,0.209640418811449,-0.356799407312411,0.0891538207746776,0.131791310604807,-0.00479952388896463,0.0689866189895585
2018-12-17,0.204578970279392,-0.297387753953827,0.0733065007932194,-0.0365273432224839,-0.0458261480088118,-0.101855774112512
2018-12-18,0.218919741120222,-0.309476733854617,0.0641986629302551,-0.0316615751545728,-0.0820742551987172,-0.14009416015743
2018-12-19,0.207109694545421,-0.273313118766783,0.0453153969944752,-0.202087863316561,-0.0957765196621281,-0.318752410205576
2018-12-20,0.180115302374446,-0.26814688803995,0.0174832432456955,-0.217694574382687,-0.077756259233858,-0.365999176036354
2018-12-21,0.175053853842388,-0.27155660031966,-0.00203582288994228,-0.135742643619669,-0.0414407598356859,-0.275721972822569
2018-12-24,0.16999240531033,-0.364548753402662,-0.0105078605530487,-0.0918439933509192,-0.0414407598356859,-0.338348961831985
2018-12-25,0.170835980065673,-0.447208445031996,-0.00747191459872729,-0.0938155266144287,-0.0594610202639561,-0.437120926443435
2018-12-26,0.1615566577569,-0.51436944448083,-0.00718580450879122,-0.141446585260435,-0.0957765196621281,-0.597221696155284
2018-12-27,0.180958877129789,-0.537617482751581,-0.00670895435889769,-0.0954921720900074,-0.0957765196621281,-0.554636251732825
2018-12-28,0.188551049927875,-0.49112140621008,-0.00758317963370232,-0.032735306884055,-0.0957765196621281,-0.43866536246209
2018-12-31,0.19276892370459,-0.496287636936913,-0.00856866994348199,-0.0418755731265103,-0.0957765196621281,-0.449739475964444
2019-01-02,0.220606890630908,-0.400712368490495,-0.00586651909408592,0.106940048201231,-0.0957765196621281,-0.17480846841457
2019-01-03,0.319743795878814,-0.305137100044077,0.00394069898872228,0.100281878559134,-0.0665288289878818,0.0523004443947108
2019-01-04,0.402414121902425,-0.181147562600076,0.001588238249248,0.0603860027041563,-0.049109875200282,0.234130925055472
2019-01-07,0.419285617009284,-0.149323581322782,-0.0134961214923809,-0.185183098196401,-0.049109875200282,0.0221729407974385
2019-01-08,0.380042519390729,-0.193236542500866,-0.0138140215923098,-0.197975298959632,-0.0388564234239904,-0.0638397670860689
2019-01-09,0.380042519390729,-0.172571619593532,-0.00575525405911089,-0.148165512552117,-0.0562753772115903,-0.00272524402562062
2019-01-10,0.392257481848095,-0.196646254780576,0.015544052636129,-0.107004976731947,-0.0562753772115903,0.0478749257601119
2019-01-11,0.389726757582067,-0.203052380881849,0.0195336988902373,-0.180973400278354,-0.0957765196621281,-0.0705418443500273
2019-01-14,0.388478266944159,-0.239215995969683,0.040689950540509,-0.181217587373607,-0.0957765196621281,-0.0870418855207507
2019-01-15,0.387668435179029,-0.194063139417159,0.0407376355554983,-0.224662726926425,-0.0957765196621281,-0.0860963152711847
2019-01-16,0.37079694007217,-0.194063139417159,0.0160526927960152,-0.214064049547718,-0.0757438956955719,-0.0970214517922638
2019-01-17,0.310059557687476,-0.194063139417159,-0.029661341573768,-0.227115974081013,-0.00359146641995751,-0.144372363804421
2019-01-18,0.254383623834841,-0.215967957698933,-0.0864065094110861,-0.228140234494309,0.059241928752426,-0.216889149017061
2019-01-21,0.205894946897727,-0.261224138865993,-0.126938772152028,-0.162173553283466,0.0392093047858697,-0.30523221261789
2019-01-22,0.159903251236428,-0.330968253678244,-0.150749489636706,-0.184513401688258,-0.00220420149169426,-0.508532095258474
2019-01-23,0.100414359489642,-0.352976396574555,-0.16567489932837,-0.130099510100049,-0.0548729793780859,-0.603209425891418
2019-01-24,0.0485176405409426,-0.329728358303804,-0.188277596433319,-0.219502368789809,-0.0548729793780859,-0.743863662364075
2019-01-25,0.011400351305852,-0.288398512489137,-0.21574416506718,-0.140545683155964,-0.0432844045699504,-0.67657241397638
2019-01-28,-0.00800186806703623,-0.354216291948995,-0.208734467863747,-0.151614105823238,-0.0534490218559422,-0.776015755558958
2019-01-29,-0.0299348117059532,-0.382630560946578,-0.191853972557519,-0.137243848031372,0.0320780640936955,-0.709585129147728
2019-01-30,-0.0480547974507204,-0.411044829944162,-0.18988299193796,-0.170599378526004,0.160126720517875,-0.659455277340972
2019-01-31,-0.0598648440255216,-0.343883830495328,-0.228905229204239,-0.0274279363104675,0.164478029136647,-0.495603810898909
2019-02-01,-0.0678956756963868,-0.328385138314828,-0.255449887548306,0.0838038250413208,0.257050672104571,-0.310876204413629
2019-02-04,-0.0674907598138224,-0.325802022951411,-0.273125133104356,0.132940169657662,0.0866745178742056,-0.446803228337722
2019-02-05,-0.069582825207073,-0.347810165847721,-0.284760276761756,0.0320440220794063,0.0924532137697366,-0.577656031967407
2019-02-06,-0.059864844025522,-0.341300715131911,-0.296029835304237,0.020189581916984,0.000838510875923871,-0.676167301668762
2019-02-07,-0.052272671227435,-0.321875687599017,-0.295489405134358,-0.00777035561916624,0.0599700385199334,-0.617438081060043
2019-02-08,-0.0379656433768184,-0.316606132257647,-0.261108509327042,-0.0712081854600187,0.117205824887143,-0.569682645534383
2019-02-11,-0.0396527928875042,-0.323115582973457,-0.230971579853777,-0.198505840682866,0.0307207988633938,-0.761524997534211
2019-02-12,-0.0472449656855912,-0.324458802962434,-0.222515437195667,-0.152647565730145,-0.0284107287806157,-0.775277500354453
2019-02-13,-0.0560856291215856,-0.303897204669637,-0.235040701132867,0.0754909310762617,-0.0957765196621281,-0.615309123509957
2019-02-14,-0.0514628394623058,-0.272899820308637,-0.247804390145015,0.193429134539178,-0.0843035529552658,-0.463041468332045
2019-02-15,-0.0278427463127026,-0.257401128128137,-0.250538331004404,0.155859455725825,-0.0569938178022757,-0.436916567521693
2019-02-18,-0.0181585081213654,-0.2417991113331,-0.244148538995832,0.00395883475336138,-0.0569938178022757,-0.557141141499211
2019-02-19,-0.0219377230253018,-0.246965342059933,-0.243926008925882,-0.000190864167151447,-0.0190394909399207,-0.532059429118189
2019-02-20,-0.0371220686214755,-0.205635496245266,-0.232052440193535,-0.0518310785496686,-0.0463492260929108,-0.572990309702856
2019-02-21,-0.0607084187808649,-0.188896908690326,-0.218223785846626,-0.131641931933149,0.0134466464504776,-0.586024398800488
2019-02-22,-0.0792670633984102,-0.144983947512242,-0.209068262968672,-0.22333146020472,-0.0359806471187398,-0.692631381202783
2019-02-25,-0.120602226410215,-0.144983947512242,-0.222292907125717,-0.26093123055515,-0.0132899521189603,-0.762100263722285
2019-02-26,-0.170811795848229,-0.160482639692742,-0.2411602780565,-0.263546570224684,-0.0617844757400211,-0.897785759562176
2019-02-27,-0.22226985592415,-0.186313793326909,-0.2653206856511,-0.18833843347859,-0.0518903139028805,-0.91413308228363
2019-02-28,-0.262761444180612,-0.204395600870826,-0.276876354283518,-0.17652220366162,-0.0405260259230241,-0.9610816289196
2019-03-01,-0.257699995648555,-0.196646254780576,-0.278449959778166,-0.0375446457066575,-0.0490268621044399,-0.819367718018394
2019-03-04,-0.228174879211551,-0.212144946961076,-0.263747080156452,-0.126722270953794,-0.0589210239415805,-0.889710201224454
2019-03-05,-0.203711211306605,-0.219894293051326,-0.244943289245655,-0.0915738396295944,-0.0929760069212164,-0.853098640154396
2019-03-06,-0.207085510327977,-0.201812485507409,-0.232863085448354,-0.196660071437806,-0.0572071051152342,-0.895628257836781
2019-03-07,-0.210459809349349,-0.143640727523265,-0.212088313917997,-0.0478303528299342,-0.0344911420809338,-0.648510345701479
2019-03-08,-0.184747650806495,-0.0506485744402637,-0.188102751378358,0.0525414509274793,-0.0288341995393916,-0.399791725237029
2019-03-11,-0.167032580944293,-0.0204777869955567,-0.170268555772344,0.111972574681137,-0.0674036140862855,-0.313209963117342
2019-03-12,-0.156909683880177,0.00142703128621704,-0.176467607720958,0.00972334517836433,-0.0400661055720678,-0.362293020708622
2019-03-13,-0.175029669624944,-0.104480698613868,-0.195525718711699,-0.0690353474287504,-0.0173596793638858,-0.561431113743147
2019-03-14,-0.156875940889963,-0.090738524880491,-0.213518864367677,-0.164856575291294,0.0445234653831687,-0.581466440046257
2019-03-15,-0.159406665155992,-0.0893953048915143,-0.228952914219228,-0.19551761027881,0.00147512254509078,-0.671797372000454
2019-03-18,-0.14550455318794,-0.00673561326217981,-0.244895604230665,-0.264095382570279,-0.0268882462046334,-0.688119399455697
2019-03-19,-0.154378959614148,-0.0274005361695134,-0.255799577658228,-0.24299444044127,-0.0430338689678275,-0.723607382850987
2019-03-20,-0.156066109124834,-0.010661948614573,-0.229143654279186,-0.10799630501265,-0.0500389976782677,-0.55390701470951
2019-03-21,-0.162814707167578,0.0177523203830105,-0.16424434887869,0.0211620490740692,-0.0500389976782677,-0.338183684267456
2019-03-22,-0.102077324782884,0.165816493014056,-0.0298043966187359,0.368629231068887,0.0312836631537374,0.43384766583506
2019-03-25,0.13496718146849,0.379388471261349,0.0876914803150047,0.379858541213514,0.0970433871955322,1.07894906145389
2019-03-26,0.371606771837299,0.526626046976101,0.192487248256584,0.54292680510347,0.0970433871955322,1.73069025936899
2019-03-27,0.703131650687086,0.667870795047726,0.311302410605029,0.913693619086998,0.0785716849337037,2.67457016036054
2019-03-28,0.972231997641493,0.808185621588522,0.392653046176848,0.78843494587718,0.281351087874412,3.24285669915845
2019-03-29,1.19577930780738,0.95025696657644,0.403286804519472,0.562434923067027,0.421666341512754,3.53342434348307
2019-04-01,1.10889110800705,0.955423197303274,0.274378313998282,0.018240958099106,0.313077860958717,2.67001143836643
2019-04-02,0.922461087076257,0.834016775222689,0.208318673233046,0.0278240706780958,0.0445387339762138,2.0371593401863
2019-04-03,0.780740528178639,0.803019390861688,0.165592899802594,-0.0255882354036297,-0.0851372977541996,1.63862728568509
2019-04-04,0.722533870059974,0.779771352590938,0.154053126175173,-0.230102136527873,-0.0600566402073125,1.3661995720909
2019-04-05,0.615399876131417,0.769438891137271,0.115491844053791,-0.125012024158389,-0.0600566402073125,1.31526194695678
2019-04-08,0.535260274373835,0.722942814595771,0.127508467831106,0.0956395314943662,0.0249390877431824,1.50629017603826
2019-04-09,0.489707237585315,0.672623727316413,0.167865885517086,0.124295719153273,0.0256264920764995,1.48011906164859
2019-04-10,0.481271490031885,0.672623727316413,0.203804491814054,0.120097650821219,0.0256264920764995,1.50342385206007
2019-04-11,0.493081536606687,0.739784726765247,0.256512328382275,0.0143369201553067,-0.0167382589532288,1.48697725295629
2019-04-12,0.692603837740406,0.945090735849607,0.328262380936239,0.0405876205816417,0.00958009579906928,2.01612467090696
2019-04-15,0.842760144191454,1.06391404256678,0.394735291831383,-0.0544505208260786,0.00958009579906928,2.2565390535626
2019-04-16,0.965078483716185,1.11815946519853,0.402190049174717,-0.18215563489772,-0.0436901030296259,2.25958226016208
2019-04-17,0.855818681404163,1.03808288893261,0.350388227891294,-0.251499942270754,0.0118791490776343,2.00466900503495
2019-04-18,0.799299172796184,1.01225173529844,0.317167667448719,-0.177137115741466,0.31223003421676,2.26381149401864
2019-04-19,0.714941697261888,0.986420581664274,0.303450278136784,-0.140585064625501,0.31223003421676,2.17645752665421
2019-04-22,0.730126042858061,0.989003697027691,0.32454294976707,-0.0934406502146857,0.408205118488266,2.3584371579264
2019-04-24,0.703975225442429,0.999336158481358,0.332379187230319,-0.228971296200184,0.215778830281521,2.02249810523544
2019-04-25,0.694695903133656,0.972161784858214,0.369112543777109,-0.00258297626982008,0.215778830281521,2.24916608578068
2019-04-26,0.654204314877194,0.937341389759357,0.412346957367447,0.0362776000170315,0.012148077270253,2.05231833929128
2019-04-29,0.609899768726581,0.885679082491023,0.438637295631571,0.123318522375067,0.109092491938525,2.16662716116277
2019-04-30,0.529760166968999,0.874106725662916,0.431198433293234,-0.139621848671262,0.22634136244917,1.92178483970306
2019-05-02,0.43993632702008,0.788760594055628,0.40821425606837,-0.0361018924634095,0.302182377383652,1.90299166206432
2019-05-03,0.356017510358561,0.690602210245794,0.379412507014807,-0.0390101820376242,0.173154380717481,1.56017642629902
2019-05-06,0.307933749304012,0.606702623242019,0.354997779340264,0.125451673689463,0.06284077815951,1.45792660373527
2019-05-07,0.370763197081956,0.672623727316413,0.386771894328163,-0.0576306692975815,0.165571611789118,1.53809976121807
2019-05-08,0.484645789053257,0.809528841577499,0.447347758369624,-0.0244902751375657,0.128215003827904,1.84524711769072
2019-05-09,0.608651278088674,0.924425812942274,0.53766317675944,0.000952031100403904,0.320941225926602,2.39263352481739
2019-05-10,0.617087025642103,0.976088120210608,0.571630802436848,0.12335664813103,0.172367810898985,2.46053040731957
2019-05-13,0.630584221727591,0.959349532655667,0.60777604379877,0.375926976894348,0.362439863346553,2.93607663842293
2019-05-14,0.617087025642103,0.964515763382501,0.598127775765926,0.253944870263724,0.16277837329518,2.59645380834943
2019-05-15,0.590092633471128,0.899937879297083,0.602483007134953,0.356920392098267,0.195999779029787,2.64543369103122
2019-05-16,0.511640181224232,0.779771352590938,0.587033062278406,0.0547773356737353,-0.0304869832720547,1.90273494849526
2019-05-17,0.445841350307481,0.63893990297746,0.5879549725682,0.0334413173324207,-0.0149326917881169,1.69124485139744
2019-05-20,0.391413907092752,0.592443826435959,0.580261790149919,-0.159258184052221,-0.0781525310591968,1.32670880856721
2019-05-21,0.352609468346976,0.610525633979876,0.585014396643857,0.00606231882613352,-0.0551723696377051,1.49903944815914
2019-05-22,0.3197100528886,0.629950661512769,0.612798865377647,0.125013109818168,-0.0476604313875949,1.63981225820959
2019-05-23,0.367388898060584,0.733275276049437,0.667032622425527,0.0806349162406095,-0.00690436287390293,1.84142734990225
2019-05-24,0.412503275976326,0.831433659859272,0.711443266385601,-0.151985907679754,-0.0319542214143883,1.77144007312706
2019-05-27,0.463961336052247,0.93475827439594,0.732774363090834,-0.175117380964353,-0.0362407443927881,1.92013584818188
2019-05-28,0.399410995773404,0.856024918118999,0.728037651601892,-0.175117380964353,-0.0769968129064801,1.73135937162346
2019-05-29,0.324771501420658,0.724286034584747,0.72965894211153,-0.13120701988975,-0.0769968129064801,1.57051264532071
2019-05-30,0.25138049770582,0.636460112228579,0.686917273676083,-0.273612374590304,-0.0770044937681389,1.22414101525204
2019-05-31,0.186863900417189,0.513710470159018,0.636752637907294,-0.176172821578952,-0.0770044937681389,1.08414969313641
2019-06-03,0.167056765161736,0.451715701437017,0.587939077563203,-0.161688161286776,-0.0770044937681389,0.968018889107042
2019-06-07,0.140062372990762,0.356140432990599,0.552985961576015,-0.130893772248885,-0.0766974103046439,0.841597585003847
2019-06-10,0.167900339917079,0.341984960799075,0.518207690643788,-0.146194516311076,-0.0766974103046439,0.805201064744223
2019-06-11,0.175053853842388,0.290322653530741,0.486528945685868,-0.0209696631060407,-0.0414782549096133,0.889457535043343
2019-06-12,0.15946459236365,0.298071999620991,0.479725883547388,-0.0145259437927651,-0.0547224286822003,0.868014103057064
2019-06-13,0.145123821522819,0.261805059918621,0.49099544208987,0.0901273272600702,-0.0116665156326658,0.976385135158714
2019-06-14,0.127408751660617,0.269554406008871,0.510069448085607,-0.00105558110105046,-0.0397961431761664,0.866180881477878
2019-06-17,0.107972789297515,0.23080767555762,0.53744064668949,-0.0287958370115403,-0.0456310787610636,0.801794195772021
2019-06-18,0.129062158181089,0.216652203366097,0.531766129905758,-0.190293016336507,-0.0886869918105981,0.598500483305839
2019-06-19,0.145090078532606,0.269554406008871,0.491424607224774,-0.207580543254457,-0.0836111243825472,0.614877424129246
2019-06-20,0.168305255799644,0.250232703090514,0.420421619905642,-0.0885208602963353,-0.0836111243825472,0.666827594116917
2019-06-21,0.145528737405384,0.294145664268598,0.383608788333869,-0.00332708311372016,-0.0836111243825472,0.736344982511584
2019-06-24,0.11219066307423,0.215412307991657,0.344936241177513,0.0436097446561037,-0.0740985868196183,0.642050370079884
2019-06-25,0.0936320184566847,0.18741133745222,0.309665225090395,-0.0364762431594865,-0.0740985868196183,0.480133751020195
2019-06-26,0.0514532806895362,0.0858432413626748,0.261169564846234,-0.0375023069658254,-0.0740985868196183,0.286865193113001
2019-06-27,0.0173053745932528,0.0411036832682976,0.210528078927552,-0.159988552269004,-0.0671416512864037,0.041806933233694
2019-06-28,-0.00378399429032128,0.0290147033675076,0.184031105598474,-0.177392515603119,-0.0630878089166104,-0.0312185098440697
2019-07-01,-0.0206554893971808,-0.00632231480403318,0.115189838958859,-0.256746027758292,0.144781771295364,-0.0237522217052829
2019-07-02,-0.026965428567146,0.0061799635549038,0.0678863040894308,-0.190809724876005,0.116146902919639,-0.0275619828791776
2019-07-03,-0.05649054500415,-0.0196511900792631,0.0270997212685462,-0.0875269881293297,0.112093060549846,-0.0244759413943508
2019-07-04,-0.0733620401110094,0.0294280018256542,0.0273222513384966,0.00668629258523364,-0.0957765196621281,-0.105702014023753
2019-07-05,-0.0961385585052695,-0.0235775254316566,0.0389732900008926,-0.042084790751975,-0.0957765196621281,-0.218604104350137
2019-07-08,-0.0822027035470038,-0.0261606407950732,0.074673471222914,-0.153853740831811,-0.0957765196621281,-0.283320133613103
2019-07-09,-0.0619569094187722,-0.0313268715219066,0.112980433264353,-0.0756604228975107,-0.0317165114001893,-0.0876802819740262
2019-07-10,-0.0328704518545468,0.0177523203830107,0.142259032467809,-0.0322316962500319,0.0131133266764264,0.108022531422668
2019-07-11,-0.0413061994079763,-0.000329487160906263,0.146216888711925,-0.00348026402955917,0.0131133266764264,0.114214264789909
2019-07-12,-0.0278090033224889,0.0255016664732607,0.163335809093099,0.0638603306448847,-0.0369594799914359,0.187929322897319
2019-07-16,-0.0193732557690593,0.0461665893805942,0.147234169031697,0.0271139142625593,-0.0817893180680516,0.11935209883774
2019-07-17,-0.0248733631738954,0.0694146276513446,0.119592755342875,0.0157814548479473,-0.0817893180680516,0.0981261566002201
2019-07-18,-0.0594599281429572,0.0384172432903443,0.0832249839110029,-0.220135233600236,-0.0957765196621281,-0.253729454203974
2019-07-19,-0.103325815420791,-0.0223376300572168,0.0610196619309655,-0.171818938162699,-0.0957765196621281,-0.33223924137187
2019-07-22,-0.124415184304366,-0.0636674758718839,0.0461896222692798,-0.114133941012723,-0.0957765196621281,-0.351803498581821
2019-07-23,-0.13325584774036,-0.0946648602328845,0.0187230536354184,-0.134113242646893,-0.0957765196621281,-0.439087416646847
2019-07-24,-0.135786572006389,-0.0700736019731574,0.0022399334541023,-0.102028749609782,-0.0957765196621281,-0.401425509797354
2019-07-25,-0.131568698229674,-0.106237217060991,-0.0225880643503488,0.00612884215863823,-0.0957765196621281,-0.350041657144504
2019-07-26,-0.159001749273427,-0.101070986334158,-0.0419799704460148,0.0652874605456617,-0.0957765196621281,-0.332541765170066
2019-07-29,-0.189775356348339,-0.157899524329325,-0.0594644759421073,0.0232175977973093,-0.0957765196621281,-0.47969827848459
2019-07-30,-0.228174879211551,-0.195303034791599,-0.0659973229956473,-0.0284162683080098,-0.0759074273197889,-0.593798932626596
2019-07-31,-0.234079902498952,-0.244382226696516,-0.0539965942233294,0.0502994504304953,-0.0759074273197889,-0.558066700308091
2019-08-01,-0.21174204297747,-0.252131572786767,-0.0292639664488569,0.0134474446302612,-0.0759074273197889,-0.555597564902621
2019-08-02,-0.195275463753175,-0.239215995969683,0.00775550018786948,0.0498465627727083,-0.0957765196621281,-0.472665916424408
2019-08-05,-0.183904076051152,-0.239215995969683,0.0578565559366726,-0.00844263651556281,-0.0957765196621281,-0.469482672261853
2019-08-06,-0.190652674093896,-0.2417991113331,0.0971172182778979,-0.0169474060423005,-0.0957765196621281,-0.448058492853526
2019-08-07,-0.199931996402668,-0.245725446685493,0.113489073424239,0.029917010151955,-0.0957765196621281,-0.398027879174095
2019-08-08,-0.220144047540686,-0.26504714960385,0.092459981813939,0.0686580910762453,-0.0957765196621281,-0.41984964391648
2019-08-09,-0.220987622296029,-0.267630264967267,0.0811268432514718,0.104893563463887,-0.0957765196621281,-0.398374000210065
2019-08-15,-0.181778267667688,-0.219790968436789,0.129924508590566,0.076185085293022,0.0156930694351488,-0.179766572785741
2019-08-16,-0.143412487794689,-0.203052380881849,0.180899789614173,0.0994964317294625,0.0156930694351488,-0.050375577897754
2019-08-19,-0.114730946113028,-0.192719919428182,0.21067113397252,0.196092289180913,0.0547129879739412,0.154025545586163
2019-08-20,-0.0894237034527394,-0.208321936223219,0.202516996409342,0.00328678294306796,0.0101251523350306,-0.081816707988518
2019-08-21,-0.0788621475158455,-0.185073897952469,0.202962056549242,-0.0556675030039394,0.0101251523350306,-0.106516339587981
2019-08-22,-0.0594599281429572,-0.185073897952469,0.222449332674887,-0.0567100915719068,0.00454611052542137,-0.0742484744670241
2019-08-23,-0.0893899604625256,-0.222477408414743,0.227901319388669,-0.0277115854309521,-0.00236880084194058,-0.114046435761492
2019-08-26,-0.066208526185701,-0.261224138865993,0.237676747461484,-0.124355169821022,-0.00236880084194058,-0.216479888253173
2019-08-27,-0.0455240731846913,-0.249651782037887,0.251155711698472,-0.1213674420437,-0.0335047071153364,-0.198892292683143
2019-08-28,-0.0113761670884079,-0.178254473393049,0.27111983797401,-0.0380377258724937,-0.091066174494763,-0.0476147028747036
2019-08-29,-0.00378399429032128,-0.0733799896383307,0.291195229284523,-0.0008106784319598,-0.091066174494763,0.122154392429148
2019-09-02,-0.00675337742912856,-0.0823692311030208,0.294660340373749,-0.15240882768996,-0.091066174494763,-0.0379372703431236
2019-09-03,-0.0324655359719824,-0.0671805127661305,0.25245910210818,-0.243422555418733,-0.0957765196621281,-0.186386021710794
2019-09-04,-0.0788621475158455,-0.136717978349308,0.178086373729802,-0.242627291764262,-0.0957765196621281,-0.375897563561742
2019-09-05,-0.115540777878158,-0.0618076328102238,0.103904385411381,-0.160446747891856,-0.0957765196621281,-0.329667292830984
2019-09-06,-0.140004445783104,-0.114813160067535,0.0761676016925801,-0.0712488419398271,-0.0924346233965971,-0.342333469494483
2019-09-09,-0.125663674942273,-0.0933216402439075,0.0832567739209958,-0.109271153034832,-0.0924346233965971,-0.337434317696614
2019-09-10,-0.115979436750936,-0.137234601421992,0.108275511785404,-0.162984179419288,-0.0652903322391763,-0.373213038045988
2019-09-11,-0.0805492970265313,-0.194063139417159,0.126046127371433,-0.264625380759716,-0.0635962834409806,-0.476787973272955
2019-09-12,-0.0929329744349663,-0.295631235506704,0.113536758439228,-0.207668435515274,-0.0635962834409806,-0.546292170458696
2019-09-13,-0.123301665627313,-0.386040273226288,0.090043941054479,-0.19629393940679,-0.0647745170566476,-0.68036645426256
2019-09-16,-0.173916150947891,-0.280132543326204,0.0584287761165447,-0.190446813039671,-0.0698104621203744,-0.655877193317596
2019-09-17,-0.177560393890973,-0.188896908690326,0.0548047149773544,-0.0786004930127547,-0.062965181984535,-0.453218262601234
2019-09-18,-0.177560393890973,-0.113986563151241,0.0467618424491519,-0.0300867557810112,-0.0768954553359978,-0.351767325710071
2019-09-19,-0.177560393890973,-0.160482639692742,0.0381785397510702,0.147740211916456,-0.0576972791850035,-0.209821561101192
2019-09-20,-0.198649762774547,-0.179804342611099,0.0381467497410773,0.0514066479319663,-0.0645425593208428,-0.353443267033445
2019-09-23,-0.211303384104691,-0.191480024053742,0.0441550616297345,0.0514869723247557,-0.0765783435111338,-0.383719717715078
2019-09-24,-0.224395664307614,-0.212144946961076,0.0545027098824219,-0.157016937397683,-0.0957765196621281,-0.634831358446079
2019-09-25,-0.235362136127073,-0.237976100595243,0.0543437598324576,-0.21527915871325,-0.0957765196621281,-0.730050155265237
2019-09-26,-0.247610841574653,-0.278789323337227,0.0347929036868269,-0.203653939234797,-0.0697764206756731,-0.765037621135523
2019-09-27,-0.258712285354966,-0.228883534516016,0.00497387431349124,-0.203653939234797,-0.0512454115870089,-0.737521296379297
2019-09-30,-0.272209481440454,-0.259984243491553,-0.0310442070084591,-0.146852780234774,-0.0512454115870089,-0.761336123762249
2019-10-01,-0.276832271099733,-0.217827800760593,-0.0423296605559369,-0.0428164168302558,-0.0151454322931634,-0.594951581539682
2019-10-02,-0.263200103053391,-0.244485551311053,-0.0265141305844713,0.0215090821096131,-0.0150778502031245,-0.527768553042427
2019-10-03,-0.25729507976599,-0.183730677963492,-0.0153240470669723,0.131243519570802,-0.0150778502031245,-0.340184135428777
2019-10-04,-0.291442985862273,-0.26814688803995,-0.0139888666472708,-0.0376017261176108,-0.077177928483425,-0.68835839515053
2019-10-07,-0.307032247341011,-0.29914427240095,-0.00910910011336126,-0.0298907125079957,-0.0957765196621281,-0.740952852025447
2019-10-08,-0.301970798808954,-0.321152415297261,0.0188661086803865,-0.04813922762535,-0.0229779168651275,-0.675374249916305
2019-10-09,-0.243797883680503,-0.23156997449397,0.0603520717211147,0.171101625815084,-0.0229779168651275,-0.266892077503401
2019-10-10,-0.186434800317181,-0.165648870419575,0.0999306341622693,0.351262414876551,0.226384061906805,0.325493440208869
2019-10-11,-0.149722426964655,-0.0997277663451811,0.117748934763287,0.236118344052458,0.237450918856628,0.341868004362536
2019-10-14,-0.0813928717818746,0.00101373282807041,0.153878281120212,0.464987055873659,0.327908042740036,0.866394240780103
2019-10-15,-0.0687392504517301,0.0474064847550344,0.151080760240838,0.299294965256714,0.103382429396027,0.532425389196883
2019-10-16,-0.0345913443554467,0.0964856766599517,0.160156808093809,0.298241751492105,0.0920406551219962,0.612333547012416
2019-10-17,-0.0678956756963868,0.0680714076623679,0.123884406691916,-0.0645132579760532,0.00158353123858813,0.0611304119204318
2019-10-18,-0.105012964931477,0.0358341279269275,0.0927778819138679,-0.108750682868497,-0.0232528341893361,-0.108404472148516
2019-10-21,-0.151004660592776,-0.0235775254316566,0.078297532362104,-0.0134318749759814,-0.0957765196621281,-0.205493048300438
2019-10-22,-0.176311903253065,-0.0812326603431174,0.0709381450487487,-0.106270415937549,-0.0957765196621281,-0.388653354147111
2019-10-23,-0.187278375072524,-0.0903252264223443,0.0524681492428766,-0.131629789411983,-0.0957765196621281,-0.452541761326102
2019-10-24,-0.228174879211551,-0.126488841510178,0.0025896235640241,-0.232763078569093,-0.0957765196621281,-0.680613695388926
2019-10-25,-0.317593803277905,-0.200572590132969,-0.0650754127058533,-0.237020237367887,-0.0957765196621281,-0.916038563146743
2019-10-28,-0.385923358460686,-0.270730003403367,-0.123203445977862,-0.197783265590667,-0.0957765196621281,-1.07341659309471
2019-10-30,-0.440755717557979,-0.303070607753344,-0.157790976850132,-0.194905117106959,-0.0717589355120478,-1.16828135478046
2019-10-31,-0.47760306287136,-0.323735530660678,-0.161160717909379,-0.140483984748199,-0.0717589355120478,-1.17474223170166
2019-11-01,-0.524843249170566,-0.391723127025805,-0.145520032992875,-0.0910872459338845,0.105750222801644,-1.04742343232149
2019-11-04,-0.560847019728604,-0.460124021849079,-0.151464764861546,-0.121632368199901,0.0923305889865609,-1.20173758565257
2019-11-05,-0.55436836560757,-0.449791560395413,-0.16232105327412,-0.168825801750717,0,-1.33530678102782
2019-11-06,-0.545089043298797,-0.429126637488079,-0.175672857471136,-0.243267680671424,0,-1.39315621892944
2019-11-07,-0.548733286241879,-0.443385434294139,-0.199419994935829,-0.25608350235098,0,-1.44762221782283
2019-11-08,-0.578258402678883,-0.48988151083564,-0.219829181351267,-0.244455208595996,-0.00282916536590887,-1.53525346882769
2019-11-11,-0.60228341171105,-0.522635413643764,-0.236455356577551,-0.220230151038246,-0.00280331988551663,-1.58440765285613
2019-11-12,-0.591721855774156,-0.47996234784012,-0.236757361672484,-0.220230151038246,0.00785665858689206,-1.52081505773811
2019-11-13,-0.570227571008017,-0.450204858853559,-0.239777412621809,-0.226214133640166,-0.0344102411703326,-1.52083421729388
2019-11-14,-0.554233393646715,-0.429539935946226,-0.246008254580416,-0.182937265950628,-0.0658641908076709,-1.47858304093166
2019-11-15,-0.555245683353126,-0.437289282036476,-0.257532133202841,-0.176435619632931,-0.0765241692800796,-1.50302688750545
2019-11-18,-0.56661707105515,-0.448964963479119,-0.275668333903787,-0.21281889804258,-0.0957765196621281,-1.59984578614276
2019-11-19,-0.582206332533888,-0.466530147950353,-0.284712591746766,-0.257325766615037,-0.0739080218010629,-1.66468286064711
2019-11-20,-0.621280715201374,-0.491018081595543,-0.282391921017285,-0.197943044353144,-0.0739080218010629,-1.66654178396841
2019-11-21,-0.647431532617006,-0.50909988913946,-0.274301363474093,-0.150873419911241,-0.0739080218010629,-1.65561422694286
2019-11-22,-0.686674630235561,-0.525941801308937,-0.277210149388443,-0.100221988932909,-0.0957765196621281,-1.68582508952798
2019-11-25,-0.699125793624423,-0.546193425758124,-0.274825898638976,0.0233078370204453,-0.0892159703038087,-1.58605325130489
2019-11-26,-0.716435947604061,-0.556525887211791,-0.265718060776011,0.0591651695959171,-0.0695680236810329,-1.54908274967698
2019-11-27,-0.70671796642251,-0.541027195031291,-0.237647481952285,0.00704843802750491,-0.041381074476375,-1.51972527985496
2019-11-28,-0.706920424363792,-0.535034367388164,-0.218255575856619,-0.175683111366383,-0.0436029876767735,-1.67949646665173
2019-11-29,-0.703951041224985,-0.535034367388164,-0.211563778753115,-0.187980441944703,-0.056701618758624,-1.69523124806959
2019-12-02,-0.720822536331844,-0.576364213202831,-0.222420067165688,-0.237534010153465,-0.0936247332903136,-1.85076556014414
2019-12-03,-0.724196835353216,-0.604778482200415,-0.221180256775965,-0.140783894281948,-0.0829200481464967,-1.77385951675804
2019-12-04,-0.716604662555129,-0.625443405107749,-0.223961882650344,-0.158311675343641,-0.0764701319982666,-1.80079175765513
2019-12-05,-0.703107466469642,-0.593206125372308,-0.228571434099313,-0.151042228277956,-0.0678411409640867,-1.74376839518331
2019-12-06,-0.696358868426898,-0.575124317828391,-0.249664105729599,-0.192398064208538,-0.074247696331488,-1.78779305252491
2019-12-09,-0.701420316958956,-0.564791856374724,-0.263810660176438,-0.173799980535515,-0.0678194970726466,-1.77164231111828
2019-12-10,-0.688766695628811,-0.586696674656498,-0.273045658079374,-0.0617055143558361,-0.0764484881068265,-1.68666303082735
2019-12-11,-0.674425924787981,-0.581530443929664,-0.277575734503361,-0.0698443743186572,-0.0828984042550566,-1.68627488179472
2019-12-12,-0.665990177234551,-0.573781097839414,-0.29413832970966,-0.141544303369042,-0.0957765196621281,-1.7712304278148
2019-12-13,-0.667677326745237,-0.558282405658914,-0.315421741399903,-0.171869523558143,-0.0826215746031419,-1.79587257196534
2019-12-16,-0.662177219340401,-0.556525887211791,-0.345526880863175,-0.184897604134317,-0.0717060487015998,-1.82083364025128
2019-12-17,-0.64193142521217,-0.551359656484957,-0.36523668705877,-0.133381166127433,-0.0474426098118055,-1.73935154469514
2019-12-18,-0.604409220094515,-0.507446695306873,-0.375647915331443,-0.182865524655799,-0.0605975548707917,-1.73096691025942
2019-12-19,-0.534426258391262,-0.430883155935202,-0.379049446400683,-0.189645569379581,-0.0586023625414466,-1.59260679264817
2019-12-20,-0.477906749783283,-0.371471502576618,-0.378985866380697,-0.224286368092963,-0.0828658014312409,-1.5355162882648
2019-12-23,-0.461440170558988,-0.355972810396118,-0.383643102844656,-0.247224856919443,-0.0828658014312409,-1.53114674215045
2019-12-24,-0.476185857282383,-0.411044829944162,-0.387505589058793,-0.276181378255354,0.0226179858687501,-1.52829966867194
2019-12-25,-0.485465179591156,-0.454957791122246,-0.389031509538452,-0.262666947775219,0.0226179858687501,-1.56950344215832
2019-12-26,-0.483339371207692,-0.493704521573497,-0.389794469778281,-0.250779888752818,0.0226179858687501,-1.59500026544354
2019-12-27,-0.488400819739749,-0.493704521573497,-0.390573325023107,-0.196781707799919,-0.0756988279251186,-1.64515920206139
2019-12-30,-0.488400819739749,-0.471696378677186,-0.392782730717613,-0.227171777573557,-0.0489753325476489,-1.62902703925575
2019-12-31,-0.479560156303755,-0.545366828841831,-0.395691516631963,-0.200252070219853,-0.0291405860866274,-1.65001115808403
2020-01-02,-0.470685749877547,-0.52211879057108,-0.408789000749036,-0.229247027263831,-0.0359261830333663,-1.66676675149486
2020-01-03,-0.47996507218632,-0.518295779833224,-0.406547805044537,-0.00329873801361007,-0.00663327132383663,-1.41474066640153
2020-01-06,-0.495992992537836,-0.449791560395413,-0.396931327021686,0.0590710515792535,-0.0264680177848582,-1.31011284616054
2020-01-07,-0.527643917358305,-0.480788944756413,-0.379367346500612,0.0514392423406268,-0.0397601125751287,-1.37612107884983
2020-01-08,-0.564761206593395,-0.493704521573497,-0.384024582964571,-0.154531655089145,-0.0957765196621281,-1.69279848588274
2020-01-09,-0.611157818137258,-0.509203213753997,-0.406325274974587,-0.275400488933472,-0.0957765196621281,-1.89786331546144
2020-01-10,-0.624655014222746,-0.52211879057108,-0.425351595955335,-0.250064585716462,-0.0957765196621281,-1.91796650612775
2020-01-13,-0.649962256883035,-0.538444079667874,-0.447763553000326,-0.270041977536911,-0.0957765196621281,-2.00198838675027
2020-01-14,-0.661367387575272,-0.52118886904025,-0.462752542711976,-0.200056522024706,-0.0811361358309306,-1.92650145718313
2020-01-15,-0.683300331214189,-0.503933658412627,-0.496132053204516,-0.180792927433862,-0.0811361358309306,-1.94529510609612
2020-01-16,-0.682456756458846,-0.518605753676834,-0.524774852208114,-0.128615748343711,-0.0811361358309306,-1.93558924651844
2020-01-17,-0.697202443182241,-0.53327784894104,-0.546741749113205,-0.112032426459374,-0.0957765196621281,-1.98503098735799
2020-01-20,-0.730101858640617,-0.568614867112581,-0.549714115047541,-0.179176757418826,-0.0957765196621281,-2.12338411788169
2020-01-21,-0.760470549832964,-0.612527828290665,-0.546709959103212,-0.199006974559434,-0.0957765196621281,-2.2144918314484
2020-01-22,-0.764283507727114,-0.622860289744332,-0.559902813250264,-0.132385862354582,-0.0957765196621281,-2.17520899273842
2020-01-23,-0.762596358216428,-0.607361597563832,-0.57392220765713,-0.115194308738424,-0.0957765196621281,-2.15485099183794
2020-01-24,-0.778185619695166,-0.568614867112581,-0.588609192273848,0.0966629127633194,-0.0957765196621281,-1.9345232859804
2020-01-27,-0.80389777823802,-0.625443405107748,-0.578706604161061,0.00418682687681993,-0.0698368772348626,-2.07369783786487
2020-01-28,-0.824987147121594,-0.666773250922416,-0.583045940525091,0.107470386440032,-0.0698368772348626,-2.03717282936393
2020-01-29,-0.831769488154551,-0.713269327463916,-0.584540070994757,-0.0444635100905875,-0.0698368772348626,-2.24387927393868
2020-01-30,-0.816585142558378,-0.697770635283416,-0.59132723812824,-0.0209430282839317,-0.0957765196621281,-2.22240256391609
2020-01-31,-0.821646591090436,-0.700353750646833,-0.583538685679981,-0.0594042382727626,-0.0751715350108133,-2.24011480070083
2020-02-03,-0.820364357462314,-0.697770635283416,-0.576258773391608,-0.0934674455796149,-0.0751715350108133,-2.26303274672777
2020-02-04,-0.852420198165347,-0.695187519919999,-0.581106749915525,-0.150579144755307,-0.0675751094380223,-2.3468687221942
2020-02-05,-0.869291693272207,-0.695187519919999,-0.58627262653937,-0.189652964163111,-0.0320830233761323,-2.37248782727082
2020-02-06,-0.851576623410004,-0.638358981924832,-0.588656877288837,-0.187408990025477,-0.0320830233761323,-2.29808449602528
2020-02-07,-0.78702628313116,-0.541027195031291,-0.559712073190306,-0.0830254452963188,-0.012126860189982,-1.98291785683906
2020-02-10,-0.665112859488995,-0.432536349767789,-0.497975873784104,0.199985967265047,-0.0422530648322589,-1.4378921806081
2020-02-11,-0.571037402773147,-0.326628619867704,-0.449575583569921,0.316571720351128,0.0504261590012994,-0.980243726858344
2020-02-12,-0.537294412559428,-0.274139715683077,-0.430437997554198,0.246111626195114,0.0510488945583828,-0.944711605043207
2020-02-13,-0.54448166947495,-0.245725446685493,-0.441135335916807,-0.0345217612939877,0.131420946260402,-1.13444326711084
2020-02-14,-0.547012393740979,-0.235392985231826,-0.450704128924669,-0.123698926012783,0.0387417224268437,-1.31806671148341
2020-02-17,-0.5482946273691,-0.25605790813916,-0.462577697657015,-0.148918812039899,0.010566398110819,-1.40528264709436
2020-02-18,-0.576537510177983,-0.26380725422941,-0.481317908547827,-0.0824990493504256,-0.0819059837567778,-1.48606770606242
2020-02-19,-0.617467757307224,-0.302553984680661,-0.478838287768381,-0.0445816767703092,-0.0382202577320673,-1.48166196425864
2020-02-20,-0.601439836955707,-0.281889061773327,-0.436239674377901,0.296793222611432,-0.00883349438295118,-1.03160884487845
2020-02-21,-0.540297538688449,-0.230226754504993,-0.394102016132319,0.241985466283305,0.0197565044719123,-0.902884338570543
2020-02-24,-0.46100151168621,-0.181147562600076,-0.338135703539827,0.252547182045824,0.0135688203677932,-0.714168775412495
2020-02-25,-0.399420554546173,-0.064907371246324,-0.31203610533566,0.0335376174546043,-0.015817942981323,-0.758644356654876
2020-02-26,-0.369895438109169,0.0100029742927605,-0.278561224813141,0.0789423527464325,0.10136155664424,-0.458149779238877
2020-02-27,-0.347962494470252,0.0952457812855118,-0.246818899835235,0.264102367963992,0.124781835386452,-0.110651409669531
2020-02-28,-0.25348212187184,0.159823665370929,-0.134250474450393,0.105910882281585,0.20439793114359,0.0823998824738708
2020-03-02,-0.148878852209312,0.201153511185596,-0.0483220774395976,0.189300474299671,0.10160876791075,0.294861823747108
2020-03-03,-0.123571609549023,0.162406780734346,-0.0318071672482884,-0.121226807069999,0.0619216450048171,-0.0522771581281477
2020-03-04,-0.220582706413464,0.0177523203830107,-0.116034798724464,-0.0951506384416156,-0.0176944507523206,-0.431710273948854
2020-03-05,-0.32181167705462,-0.101070986334158,-0.160111647579614,-0.180054116914157,-0.0202426019387714,-0.78329102982132
2020-03-06,-0.347962494470252,-0.119152793878075,-0.0772986715481215,0.0745889135686302,-0.0414737996956424,-0.511298846023461
2020-03-09,-0.298630242777795,-0.0313268715219066,0.0710017250687347,0.487944785175826,-0.0414737996956424,0.187515596249217
2020-03-10,-0.264448593691299,0.092662665922095,0.195221189115973,0.872806963871332,-0.0957765196621281,0.800465705555974
2020-03-11,-0.216769748519314,0.22305832946737,0.275522754358026,0.772409891267693,0.0942319577055053,1.14845318427928
2020-03-12,-0.13787863739964,0.212725868013703,0.407864565958449,0.91835965508204,0.251860090288064,1.65293154194262
2020-03-13,-0.0834849371751248,0.155897330018536,0.499960224907866,0.65410576567464,0.299970785582407,1.52644916900832
2020-03-16,-0.0046275690456642,0.133165914820469,0.635703567577528,1.09297886127279,0.109962308214774,1.96718308283989
2020-03-17,0.0101518606679447,0.20291002963272,0.657527409437651,1.31698762738041,-0.0476658243677847,2.13991110275094
2020-03-18,0.13668807396939,0.321733336349888,0.848029044320076,1.15313086349645,-0.0791572757569125,2.3804240423789
2020-03-19,0.175492512715166,0.319976817902765,0.939186897974703,0.654344968015586,0.335992183730264,2.42499338033848
2020-03-20,0.195299647970619,0.363889779080849,0.938090142629948,0.106201770329951,0.335992183730264,1.93947352374163
2020-03-23,0.146372312160727,0.379388471261349,0.879135569098124,0.112576805267614,0.319372939825048,1.83684609761286
2020-03-24,0.11600362096838,0.467214393617517,0.785927259798955,0.068560602491077,-0.0655317486239871,1.37217412825194
2020-03-25,0.0864785045313762,0.477546855071184,0.718945708743925,0.079937763176937,0.212807093532188,1.57571592505561
2020-03-26,0.0341768697001123,0.462048162890684,0.504267771261903,0.0714169702004955,0.370903355305452,1.44281312935865
2020-03-27,0.014774650327224,0.443966355346767,0.456280751177628,0.426155519805979,0.550079056654152,1.89125633331175
2020-03-30,0.0915399530634341,0.498211777978518,0.579514724915086,0.284950841148965,0.271740214497977,1.72595751160398
2020-03-31,0.184738092033725,0.627367546149352,0.779759997860333,0.302992536759041,0.176548156968595,2.07140632977105
2020-04-01,0.354296617857662,0.717776583868937,0.933798491280907,-0.0666869206288736,-0.0328723154182459,1.90631245696039
2020-04-02,0.447089840945388,0.766855775773855,1.01049189038877,-0.00681751125508449,-0.0328723154182459,2.18474768043468
2020-04-03,0.554662493746723,0.826267429132439,1.17152418600778,-0.0146493082600599,-0.0957765196621281,2.44202828096475
2020-04-06,0.57450337199239,0.867597274947106,1.28035728521845,-0.0204110172963067,-0.089642116653467,2.61240479820818
2020-04-07,0.576190521503076,0.983837466300858,1.31521503117566,-0.124110487831996,-0.0508841405243438,2.70024839062326
2020-04-08,0.534011783735928,1.03549977356919,1.23860110709279,-0.114188440788859,-0.0508841405243438,2.6430400830847
2020-04-09,0.469461443457084,1.03808288893261,1.03010632655438,-0.0841868073708799,-0.057018543533005,2.39644530804019
2020-04-10,0.411254785338419,0.958006312666691,0.880661489577783,-0.0808823859137897,0.0736427244063468,2.24268292607545
2020-04-13,0.388478266944159,0.872763505673939,0.766153873583374,-0.10851730228689,0.0736427244063468,1.99252106832093
2020-04-14,0.406193336806361,0.857264813493439,0.804890000759717,-0.156028028290656,0.0736427244063468,1.98596284717521
2020-04-15,0.45427709786091,0.95025696657644,0.934927036635655,0.205168531704162,-0.0957765196621281,2.44885311311504
2020-04-16,0.534416699618492,1.04841535038628,1.0967063974895,0.303767925145318,-0.0957765196621281,2.88752985297746
2020-04-17,0.60190268004593,1.20340227219128,1.22076691148677,0.352606509052336,-0.0957765196621281,3.28290185311419
2020-04-20,0.642394268302392,1.25506457945961,1.20620708691003,-0.0375039370868664,-0.0957765196621281,2.97038547792303
2020-04-21,0.646612142079107,1.32222557890845,1.19045513695855,-0.0696139818163027,-0.040401955171327,3.04927692095847
2020-04-22,0.657578613898566,1.35063984790603,1.15984135733539,-0.117085786739698,-0.040401955171327,3.01057207722896
2020-04-24,0.609089936961452,1.36355542472311,1.16054073755523,-0.124642813672861,-0.040401955171327,2.96814133039561
2020-04-27,0.52895033520387,1.28740518380959,1.10497180008765,-0.239055923078814,-0.0439148210058527,2.63835657501644
2020-04-28,0.436157112116143,1.18924679999975,1.07396064533958,-0.16993077887893,0.0358608510291481,2.5652946296057
2020-04-29,0.387634692188816,1.09625464691675,1.03597158339807,-0.15988306544491,0.0473209267621825,2.40729878382091
2020-04-30,0.330271608825494,1.06391404256678,1.02385958959078,0.106344018260967,0.0388243105991081,2.56321356984312
2020-05-04,0.31761798749535,1.07424650402044,1.04805178719537,0.212952660705629,-0.0409513614358927,2.6119175779809
2020-05-05,0.328584459314808,1.08974519620094,1.07170355463009,0.329813755626585,-0.0524114371689271,2.76743552860349
2020-05-06,0.435718453243365,1.23181654118886,1.14737967341817,0.148657707554493,-0.0957765196621281,2.86779585574276
2020-05-07,0.519232354022319,1.30672688672795,1.21461554455315,0.030021456135925,-0.0339956047797439,3.03660063665959
2020-05-08,0.589249058715785,1.37388788617678,1.30629793337266,-0.0231161234460614,-0.0339956047797439,3.21232315003942
2020-05-11,0.583344035428385,1.32480869427186,1.32268568352399,-0.0425001074530977,-0.0339956047797439,3.1543427009914
2020-05-12,0.541165297661236,1.31189311745478,1.24052440269736,-0.104464734442741,-0.0957765196621281,2.8933415637085
2020-05-13,0.492237961851344,1.30156065600111,1.18031412377081,-0.205566633353068,-0.0957765196621281,2.67276958860807
2020-05-14,0.435718453243365,1.27056327164011,1.16645367941391,-0.115344455156326,-0.0764593465515204,2.68093160258954
2020-05-15,0.356422426241126,1.22406719509861,1.20704952217484,-0.134920852500964,-0.0569734645054488,2.59564482650816
2020-05-18,0.281344273015602,1.13107504201561,1.18274605953527,-0.162013484082029,-0.0514362943629946,2.38171559612146
2020-05-20,0.211766227194914,0.976088120210607,1.07205324474001,-0.265280039238147,-0.0707534674736023,1.92387408543378
2020-05-21,0.178866811736538,0.893428428581273,0.950583616557156,-0.257718228425032,-0.0902393495196739,1.67492127893026
2020-05-22,0.152715994320906,0.854681698130023,0.886145266301557,-0.213487648364975,-0.0957765196621281,1.58427879072538
2020-05-27,0.113067980819787,0.91925958221544,0.870743006459999,-0.266130323032347,-0.0957765196621281,1.54116372680075
2020-05-28,0.0911350371808697,0.91925958221544,0.872332506959644,-0.174006407929286,-0.0957765196621281,1.61294419876454
2020-05-29,0.0557048974564649,0.872763505673939,0.873683582384342,-0.168099763876705,-0.0957765196621281,1.53827570197591
2020-06-01,0.0603276871157442,0.815934967678772,0.865656604861136,-0.156097010021014,-0.0957765196621281,1.49004572997251
2020-06-02,0.021118332487403,0.772022006500688,0.818512020041673,-0.189910026794249,0.20213505961654,1.62387739185206
2020-06-03,-0.0126246577263156,0.774605121864105,0.661898535811674,-0.183338274896609,0.20213505961654,1.44267578466939
2020-06-04,-0.0758927643770382,0.722942814595771,0.541846742074505,-0.13842570314633,0.351090849255874,1.40156193840278
2020-06-05,-0.101200007037327,0.671280507327436,0.448193372635435,-0.148457039153414,-0.0957765196621281,0.774040314110003
2020-06-08,-0.114258544250036,0.617035084695686,0.405181489115048,-0.104009398794066,-0.0874785776384102,0.716470053128222
2020-06-09,-0.107509946207293,0.614451969332269,0.372275649771402,-0.0214567602719554,-0.0957765196621281,0.761984392962295
2020-06-10,-0.118071502144187,0.578288354244435,0.360243130989092,-0.0577296394358251,-0.0957765196621281,0.666953823991387
2020-06-11,-0.118071502144187,0.549874085246852,0.438414765561621,-0.0996498819123945,-0.0957765196621281,0.674790947089763
2020-06-12,-0.118071502144187,0.560206546700518,0.498386619413218,-0.177223381169287,-0.0957765196621281,0.667521763138134
2020-06-15,-0.108792179835414,0.586037700334685,0.550283810726619,-0.133053314461163,-0.0957765196621281,0.798699497102599
2020-06-16,-0.113448712484907,0.619618200059103,0.524295477557427,-0.182177676530925,-0.0957765196621281,0.752510768938569
2020-06-17,-0.115979436750936,0.629950661512769,0.503488916017077,-0.163795623861977,-0.0447224559126245,0.808942061004309
2020-06-18,-0.147191702698626,0.611868853968852,0.490470906924987,-0.227534184542089,0.0328946861011367,0.76050855975426
2020-06-19,-0.158158174518084,0.622201315422519,0.509099852780823,-0.17383256302619,0.0328946861011367,0.832205116760205
2020-06-22,-0.181778267667688,0.614451969332269,0.514535944489608,-0.215110623259376,-0.018159377648367,0.713939645246447
2020-06-23,-0.1682810715822,0.648032469056686,0.512072218715159,-0.165468185509524,-0.0957765196621281,0.730578911017993
2020-06-24,-0.19105758997646,0.642866238329853,0.524661062672346,-0.136745041463986,-0.0957765196621281,0.743948149899625
2020-06-25,-0.227331304456208,0.640283122966436,0.555815272465383,-0.0881810795020674,-0.0674728781342639,0.81311313333928
2020-06-26,-0.300722308171046,0.547290969883435,0.586826427213452,-0.0727067021384495,-0.0957765196621281,0.664911867125264
2020-06-29,-0.355993326141117,0.467214393617517,0.602324057084989,-0.134339022258739,-0.0202041761207388,0.55900192618191
2020-06-30,-0.429384329855956,0.400053394168683,0.60245121712496,-0.197184197609124,-0.0453949573012019,0.330541126527362
2020-07-01,-0.458065871537617,0.420718317076016,0.587557597443289,-0.0824624345172056,-0.0202041761207388,0.447543432343744
2020-07-02,-0.49602673552805,0.415552086349183,0.548853260276939,-0.104686226643168,-0.0957765196621281,0.267915864792775
2020-07-03,-0.478311665665848,0.402636509532099,0.503186910922145,0.0465693403182074,-0.0957765196621281,0.378304575444476
2020-07-06,-0.467345193846389,0.327726163993015,0.49528709343891,-0.13326923788718,-0.0290959011840891,0.193302924514267
2020-07-07,-0.45256576413278,0.252815818453931,0.521164161573127,0.00696781159531104,-0.0290959011840891,0.299286126305499
2020-07-08,-0.455940063154152,0.170156126824596,0.578926609730218,-0.0806248198744881,0.0505874378971678,0.263105291423341
2020-07-09,-0.46943725923964,0.157240550007512,0.629425040603932,0.239967623250083,-0.0160931805808712,0.541102774041016
2020-07-10,-0.463127320069674,0.185654819005096,0.691049974975159,0.324956284524472,0.0986247554379526,0.837158513873005
2020-07-13,-0.460596595803645,0.21406908800268,0.725367290762489,0.248678379288338,0.114723216836095,0.842241379085957
2020-07-14,-0.454691572516245,0.247649587727097,0.744654289825179,0.0250285812398707,0.122297078768571,0.684937965044473
2020-07-16,-0.491370202878557,0.250232703090514,0.749645321394064,-0.204540774217955,0.0327505825384955,0.336717629926561
2020-07-17,-0.509085272740759,0.242483357000264,0.753046852463303,-0.172965756150422,-0.0466585670802914,0.266820613492094
2020-07-20,-0.513303146517474,0.228224560194204,0.745379102053017,-0.24722744555935,-0.0202622002958832,0.192810869874513
2020-07-21,-0.485465179591156,0.21654887875156,0.703463973877385,0.00649335073480621,0.0118725301577562,0.452913553930351
2020-07-22,-0.463937151834804,0.215205658762583,0.653712608238504,0.0737870327491736,0.0692160429366951,0.547984190852152
2020-07-23,-0.455906320163938,0.215205658762583,0.604740097844449,0.0622624767059167,0.0124777182230374,0.438779631372048
2020-07-24,-0.471934240515455,0.215205658762583,0.597142285456147,-0.171450855761586,-0.0663549790782801,0.10260786886341
2020-07-27,-0.462250002324118,0.215205658762583,0.599606011230596,-0.237595701962227,-0.0663549790782801,0.0486109866285551
2020-07-28,-0.396046255524801,0.294042339654061,0.67985989145766,0.133314310241082,-0.0810657493702041,0.630104536457798
2020-07-29,-0.269948701096135,0.44262313535779,0.773481470886736,0.421558360041907,-0.0255322538053732,1.34218201138493
2020-07-30,-0.144256062550032,0.593787046424935,0.895920694374372,0.490598792959753,-0.0255322538053732,1.81051821740366
2020-08-04,-0.0269991715573597,0.818518083042189,0.958721859115337,0.790344649494435,0.149674673266984,2.69026009336158
2020-08-05,0.0814170559993183,0.981254350937441,1.01157275072852,0.752004903763167,0.112488318178598,2.93873737960705
2020-08-06,0.262380712515492,1.17240488783028,1.05852659548803,1.17453827414873,0.270304196963842,3.93815466694637
2020-08-07,0.344426793220149,1.19565292610103,1.08673228185423,0.74837300723013,0.27813762820447,3.65332263661
